gravity,score,net_progress_m,fell,backward_distance_m,mean_forward_speed_mps
-6.0,164.68450531835805,1.3831123839273216,1.0,0.11452171094230341,0.6438263149596283
-7.5,183.36551353573722,1.4898477269135686,1.0,0.007722789341539799,0.6220821901343463
-9.81,142.92256889623857,1.3251844683397882,1.0,0.09677954732959547,0.6169985213606626
-11.0,216.03578963240915,1.7114115852952374,1.0,0.006841589831993691,0.7961842297895434
-12.0,164.21081953406718,1.4822967392713349,1.0,0.09694077128945675,0.7752873516026192
