gen,score,net_progress_m,fell,backward_distance_m,mean_forward_speed_mps
0,-326.9474505315561,-0.10255189813930803,1.0,0.11258946227798408,0.02669564930498952
