gravity,score,net_progress_m,fell,backward_distance_m,mean_forward_speed_mps
-9.81,-339.52865914152875,-0.13057912331706417,1.0,0.13311886350947894,0.007215171001178328
