gen,best,mean,sigma,gravity,phase,elapsed_s
0,-328.97333277089183,-355.64814127136896,0.29731623892440023,-7.905888820511139,random,2.9827880859375
