gen,score,net_progress_m,fell,backward_distance_m,mean_forward_speed_mps
0,-379.75549592051067,-0.22115184864408097,1.0,0.22260030349832924,0.006454991988473568
5,-323.5342932855717,-0.09250016961942238,1.0,0.11372917256388072,0.08745133481912883
