gen,score,net_progress_m,fell,backward_distance_m,mean_forward_speed_mps
0,-379.75549592051067,-0.22115184864408097,1.0,0.22260030349832924,0.006454991988473568
5,-214.5644203720984,0.17416309221613888,1.0,0.12480277108683512,0.415281980353956
