gen,score,net_progress_m,fell,backward_distance_m,mean_forward_speed_mps
0,-379.75549592051067,-0.22115184864408097,1.0,0.22260030349832924,0.006454991988473568
5,-337.02737462793294,-0.18876243511216273,1.0,0.1972123559567068,0.015676815118539935
