gravity,score,net_progress_m,fell,backward_distance_m,mean_forward_speed_mps
-6.0,24.09967945483054,0.7383030485433852,1.0,0.3923210982045252,0.47591586351863313
-7.5,-29.062739410169126,0.49597170403912505,1.0,0.5044214859922507,0.4222922251031078
-9.81,135.75787157607846,1.2966774493631283,1.0,0.14799649115217045,0.7328586470042803
-11.0,158.9327375239505,1.4985566831084889,1.0,0.017977081518622588,0.8560213803019849
-12.0,153.94053206076893,1.502969161696246,1.0,0.01751674883236476,0.8810435221733146
