gravity,score,net_progress_m,fell,backward_distance_m,mean_forward_speed_mps
-6.0,26.820351987223194,0.8414848935655789,1.0,0.18635962134489384,0.5118777247633165
-7.5,-7.4515313318601795,0.6696296469374599,1.0,0.286471527650924,0.4352218480904376
-9.81,-96.16901030978087,0.42875124220373595,1.0,0.375965548608936,0.49092250404464943
-11.0,-189.5835696689433,-0.03431139650131424,1.0,0.5617185982601507,0.2565290934700363
-12.0,-263.47923656388986,-0.28246082802999095,1.0,0.646576366887533,0.24927913883837313
