gravity,score,net_progress_m,fell,backward_distance_m,mean_forward_speed_mps
-6.0,-74.3590950918888,0.40081236954690114,1.0,0.3177237134399459,0.2900486900926601
-7.5,-63.091153210997945,0.1393112265236717,0.8,0.6740235678646405,0.262198216742057
-9.81,-74.18035232460034,0.08118578973457025,0.9,0.7011433183012526,0.21837669578790697
-11.0,229.64070933230605,1.207006671707671,0.7,0.3107758391739764,0.40648340495628227
-12.0,198.90323599003204,1.0365249332189477,0.6,0.41610187082752637,0.3336255147454084
