gravity,score,net_progress_m,fell,backward_distance_m,mean_forward_speed_mps
-6.0,297.5162975463476,1.6180118007980806,1.0,0.31459998614392604,0.4502602423497109
-7.5,312.06287292551053,1.8448642658638643,1.0,0.11852068926178545,0.6321562610336484
-9.81,129.59742730299143,1.3351201836721613,1.0,0.015337555484599604,0.7136461327697783
-11.0,68.25295059331181,1.1094768657548022,1.0,0.011531412233357522,0.6766960862966717
-12.0,43.25357581729534,1.0127025481090293,1.0,0.014999521950562377,0.6610059774835594
