gen,score,net_progress_m,fell,backward_distance_m,mean_forward_speed_mps
0,-472.0679816713848,-0.7474788410271497,1.0,0.7504381803467299,0.005332168686755358
5,-443.9398411333928,-0.659981945236798,1.0,0.6670186882347999,0.0118673790659131
