gravity,score,net_progress_m,fell,backward_distance_m,mean_forward_speed_mps
-6.0,-247.91989953814095,-0.25401390487850095,1.0,0.670037550763059,0.22551295043184516
-7.5,-264.3368140227282,-0.16110585484709952,1.0,0.4327538470295981,0.18605748582006398
-9.81,-214.723226800651,-0.06588849399245562,1.0,0.6092972334163642,0.3160824262282424
-11.0,-290.2538058926212,-0.40622484934457487,1.0,0.748360453026199,0.1694069782637973
-12.0,-240.67339674984532,-0.20974373769391041,1.0,0.7202910848653927,0.2899142131905029
