gravity,score,net_progress_m,fell,backward_distance_m,mean_forward_speed_mps
-6.0,186.7599922552087,1.4164406716318472,1.0,0.002565499496898896,0.5325644045687922
-7.5,141.9271385740388,1.359626686252771,1.0,0.0011971136393050484,0.6507775017325275
-9.81,41.01769447099594,1.0272986758005358,1.0,0.0009679650729146307,0.6430917818856626
-11.0,44.365534809866304,1.0618106074810671,1.0,0.0018667147975666531,0.6911989935288729
-12.0,37.93893271078166,1.0580098998928782,1.0,0.0012608324662655539,0.7252249473503861
