gravity,score,net_progress_m,fell,backward_distance_m,mean_forward_speed_mps
-6.0,-212.56542928583093,0.1017848804296807,1.0,0.34916973585056865,0.263588930580594
-7.5,-63.40408091727941,0.7239552846107988,1.0,0.10258184620744845,0.5456632153632424
-9.81,-126.42119170627532,0.5728489666004599,1.0,0.09636265572442412,0.5917903524057531
-11.0,-96.60434612577828,0.6687748274377201,1.0,0.08724068681111566,0.7809598672658434
-12.0,-173.10086681340067,0.4108116557471509,1.0,0.0887582194952748,0.5662756572679496
