gen,score,net_progress_m,fell,backward_distance_m,mean_forward_speed_mps
0,-375.6431903428502,-0.19095931715688064,1.0,0.19098448048911862,0.00012581666118989011
