gravity,score,net_progress_m,fell,backward_distance_m,mean_forward_speed_mps
-6.0,18.645076755972458,0.7838788067480722,1.0,0.23849075204826042,0.46311366444752344
-7.5,100.90489658283282,1.2613108166772393,1.0,0.008214093712606327,0.8021919079768483
-9.81,58.81816733719984,1.1813371378294981,1.0,0.005010449360402238,0.9084010582521354
-11.0,10.834933537610777,1.0292818276641071,1.0,0.008088820089831202,0.9538783656065813
-12.0,-0.7904763110439333,0.9948703208352848,1.0,0.00631287734573194,0.9662661528344764
