gen,score,net_progress_m,fell,backward_distance_m,mean_forward_speed_mps
0,-354.70004159319274,-0.15776220519287626,1.0,0.1586207013212683,0.004127385232654025
