gravity,score,net_progress_m,fell,backward_distance_m,mean_forward_speed_mps
-9.81,-378.4502215911076,-0.1557537721087313,1.0,0.15605461849081365,0.002089210986683086
