gen,best,mean,sigma,gravity,phase,elapsed_s
0,-371.30276296823627,-393.31285170082424,0.2973175684154032,-8.249427200371999,random,2.739655017852783
