gen,score,net_progress_m,fell,backward_distance_m,mean_forward_speed_mps
0,-333.77639221047014,-0.10035495755221846,1.0,0.13862763148741586,0.06378778989199568
