gen,best,mean,sigma,penalty_scale,correction_scale,elapsed_s
0,-50.84640280173951,-63.59631832086972,0.29731824176570837,0.2,0.0,3.0129902362823486
