gen,score,net_progress_m,fell,backward_distance_m,mean_forward_speed_mps
0,-375.6431903428502,-0.19095931715688064,1.0,0.19098448048911862,0.00012581666118989011
10,-361.202829354579,-0.14510693803384228,1.0,0.14510693803384228,0.0
20,-384.7812208403892,-0.30373277205586974,1.0,0.3073596066419745,0.011306150219334751
30,-373.6214636199614,-0.1898531560584365,1.0,0.1898531560584365,0.0
40,-388.27078478668756,-0.2353723994659025,1.0,0.23584639338874874,0.002129043230837746
