gen,score,net_progress_m,fell,backward_distance_m,mean_forward_speed_mps
0,-472.0679816713848,-0.7474788410271497,1.0,0.7504381803467299,0.005332168686755358
5,-348.0548763998433,-0.09972512423602355,1.0,0.0998787030083582,0.0010648709976261179
