gen,score,net_progress_m,fell,backward_distance_m,mean_forward_speed_mps
0,-318.0379605746658,-0.11437214999510882,1.0,0.11437214999510882,0.0
