gen,best,mean,sigma,penalty_scale,correction_scale,elapsed_s
0,-68.03090126954712,-74.22278601395618,0.29732639456847004,0.2,0.0,3.0100510120391846
